{
  "schema_version": "1.0",
  "saved_at": 1772949872.1965675,
  "saved_at_human": "2026-03-08 06:04:32 UTC",
  "q_table": {
    "(2, 2, 0, 0)": {
      "0": 0.0,
      "1": 1.3172381080052995,
      "2": 0.0,
      "3": 0.0,
      "4": 0.4661876372251983
    },
    "(3, 4, 0, 1)": {
      "0": 0.0,
      "1": 0.0,
      "2": 1.1829254211720066,
      "3": 0.0,
      "4": 0.0
    },
    "(2, 4, 0, 1)": {
      "0": 0.0,
      "1": 0.5579762073788043,
      "2": 0.0,
      "3": 0.32639840176435786,
      "4": 0.0
    },
    "(2, 4, 0, 2)": {
      "0": 0.0,
      "1": 0.0,
      "2": 0.03463442934639483,
      "3": 0.0,
      "4": 0.09183477743367599
    },
    "(0, 4, 0, 2)": {
      "0": 0.0,
      "1": 0.0,
      "2": 0.0,
      "3": -0.14980769369052493,
      "4": 0.1238232160507383
    },
    "(0, 4, 0, 0)": {
      "0": 0.0,
      "1": -0.014931565822042804,
      "2": 0.0,
      "3": 0.34984804013187815,
      "4": 0.0
    },
    "(1, 4, 0, 0)": {
      "0": -0.012455408493992457,
      "1": 0.13575149524217514,
      "2": 0.0,
      "3": 0.0,
      "4": 0.0
    },
    "(1, 4, 0, 1)": {
      "0": 0.0,
      "1": 0.0,
      "2": 0.0,
      "3": 0.0,
      "4": 0.4981642592093412
    },
    "(2, 4, 0, 0)": {
      "0": 0.0,
      "1": 0.5727932629068234,
      "2": 0.21697157958480598,
      "3": 0.18657113707990824,
      "4": 0.01885410165247468
    },
    "(2, 3, 0, 0)": {
      "0": 0.3129059104906325,
      "1": 0.20190147213893292,
      "2": 0.0,
      "3": 0.3477398908205276,
      "4": 1.0616209091563513
    },
    "(2, 3, 0, 1)": {
      "0": 0.22693833799158117,
      "1": 0.0,
      "2": 0.0,
      "3": 0.0,
      "4": 0.23871397269202121
    },
    "(3, 3, 0, 0)": {
      "0": 0.0,
      "1": 0.0,
      "2": 0.3567581660533211,
      "3": 0.9773091583882355,
      "4": 1.5215558786650234
    },
    "(0, 3, 0, 0)": {
      "0": 0.29986406767595014,
      "1": 0.0,
      "2": 0.12680872300364213,
      "3": 0.32616733206085446,
      "4": 0.0
    },
    "(3, 2, 0, 4)": {
      "0": 0.5091971770308339,
      "1": 0.9133878528272118,
      "2": 0.0,
      "3": 0.0,
      "4": 0.16169251621237854
    },
    "(4, 3, 0, 4)": {
      "0": 0.26022399638533705,
      "1": 0.0,
      "2": -0.002759418788488455,
      "3": 0.3972419546858265,
      "4": 0.0
    },
    "(4, 3, 0, 3)": {
      "0": 0.12358760785926393,
      "1": 0.0,
      "2": 0.0,
      "3": 0.0,
      "4": 0.0
    },
    "(2, 4, 0, 4)": {
      "0": 0.8786231661620157,
      "1": 0.0,
      "2": 0.0,
      "3": 0.3095275907312365,
      "4": 0.04862888093466446
    },
    "(0, 4, 0, 4)": {
      "0": -0.1121936285782956,
      "1": 0.0,
      "2": 0.12424908145318794,
      "3": 0.5050502512653086,
      "4": 0.08808157653867672
    },
    "(1, 4, 0, 4)": {
      "0": 0.7929765957922955,
      "1": 0.0,
      "2": 0.0,
      "3": 0.1641226369443214,
      "4": 0.2112195313920349
    },
    "(3, 4, 0, 4)": {
      "0": 0.0,
      "1": 0.298020326811987,
      "2": 0.21228969427457675,
      "3": 0.2647166053719364,
      "4": 1.4848054179180448
    },
    "(3, 3, 0, 4)": {
      "0": 0.29760313250494447,
      "1": 0.4863204962252316,
      "2": 0.0,
      "3": 0.22903438569812817,
      "4": -0.14714060508440083
    },
    "(0, 3, 0, 4)": {
      "0": 0.0,
      "1": 0.0,
      "2": -0.4037263954119383,
      "3": 0.0,
      "4": -0.15432085163713177
    },
    "(2, 1, 0, 3)": {
      "0": 0.0,
      "1": 0.0,
      "2": 0.32354370732069343,
      "3": 0.0,
      "4": 0.37299530754417604
    },
    "(3, 1, 0, 3)": {
      "0": -0.11360865406234032,
      "1": 0.0,
      "2": 0.0,
      "3": 0.20647612090227832,
      "4": 0.0
    },
    "(1, 2, 0, 4)": {
      "0": -0.29819221574205257,
      "1": 0.0,
      "2": 0.0,
      "3": 0.3016608311437454,
      "4": 0.0
    },
    "(1, 1, 0, 0)": {
      "0": 0.0,
      "1": 0.019840372668603973,
      "2": 0.014440806282512812,
      "3": -0.055162150842203994,
      "4": 0.0
    },
    "(4, 1, 0, 0)": {
      "0": 1.125628495804087,
      "1": 0.20253593963424182,
      "2": 0.3493777095389583,
      "3": 0.0,
      "4": 0.31428256008778527
    },
    "(4, 1, 0, 4)": {
      "0": 1.4755598482106316,
      "1": 0.5034756008240239,
      "2": 1.073593488034545,
      "3": 0.28903480467860637,
      "4": 0.843966865482705
    },
    "(3, 1, 0, 4)": {
      "0": 0.4161140385114893,
      "1": 1.3785991511204232,
      "2": 0.711814782289775,
      "3": 0.0340129626134322,
      "4": 0.21015085553773183
    },
    "(2, 1, 0, 4)": {
      "0": -0.30168694479259794,
      "1": -0.30376085889380505,
      "2": 1.7628051407192578,
      "3": 0.33747040574876797,
      "4": 0.0
    },
    "(2, 1, 0, 0)": {
      "0": 0.0,
      "1": 0.17640898104940717,
      "2": 0.6723501509331221,
      "3": 0.0,
      "4": 0.29011448692140623
    },
    "(4, 0, 0, 4)": {
      "0": 0.29745231996189897,
      "1": 1.3974958034191123,
      "2": 1.945734822747779,
      "3": 0.4289047991340992,
      "4": 0.24208562661245875
    },
    "(3, 0, 0, 4)": {
      "0": 0.24645778129314025,
      "1": 1.7367337772898512,
      "2": -0.05584302420282177,
      "3": 0.0,
      "4": 1.0757013128364834
    },
    "(2, 0, 0, 4)": {
      "0": 0.23273603689486236,
      "1": 1.3207088638046787,
      "2": 0.0,
      "3": 0.1944969796647956,
      "4": 0.9054467770719998
    },
    "(4, 0, 0, 0)": {
      "0": 0.5208700018443817,
      "1": 0.29095130373812433,
      "2": 0.0,
      "3": 1.0185718973772477,
      "4": 0.24740177084658946
    },
    "(2, 0, 0, 0)": {
      "0": 0.6594260351697953,
      "1": 0.0,
      "2": 1.5940791059660888,
      "3": 0.37743914689596625,
      "4": 0.0
    },
    "(0, 0, 0, 0)": {
      "0": 0.0,
      "1": 0.0,
      "2": 0.0,
      "3": 0.0,
      "4": 0.07061991194566522
    },
    "(1, 0, 0, 4)": {
      "0": 0.2264379413335496,
      "1": -0.21003566628535938,
      "2": 0.0,
      "3": -0.011178613211728016,
      "4": 0.3677176971256173
    },
    "(4, 1, 0, 3)": {
      "0": 0.0,
      "1": 0.32998812017201234,
      "2": 0.0,
      "3": 0.0,
      "4": 0.03996969142558467
    },
    "(3, 1, 0, 0)": {
      "0": 1.3712660810036017,
      "1": 0.0,
      "2": 0.0,
      "3": 0.0,
      "4": 0.0
    },
    "(3, 1, 0, 2)": {
      "0": 0.0,
      "1": 0.0,
      "2": 0.2273040195661885,
      "3": 0.0,
      "4": 0.0
    },
    "(4, 1, 0, 2)": {
      "0": 0.31178070593764556,
      "1": 0.0,
      "2": 0.0,
      "3": 0.0,
      "4": 0.0
    },
    "(4, 1, 0, 1)": {
      "0": 0.0,
      "1": 0.0,
      "2": 0.0,
      "3": 0.07084301380867639,
      "4": 0.0
    },
    "(3, 1, 0, 1)": {
      "0": 0.7539061066243,
      "1": 0.3323580123015789,
      "2": 0.0,
      "3": 0.0,
      "4": 0.0
    },
    "(4, 0, 0, 3)": {
      "0": 0.0,
      "1": 0.4576092326432756,
      "2": 0.0,
      "3": 0.0,
      "4": 0.0
    },
    "(2, 2, 0, 4)": {
      "0": 0.005756307602755087,
      "1": 0.7759346111442511,
      "2": 0.009156439064605126,
      "3": 0.008036974918975936,
      "4": 0.35227356305976504
    },
    "(4, 4, 0, 4)": {
      "0": 0.0,
      "1": 0.0,
      "2": 0.0,
      "3": 0.0,
      "4": 0.44302947743314364
    },
    "(4, 4, 0, 0)": {
      "0": 0.30963376461514563,
      "1": 0.0,
      "2": 0.0,
      "3": 0.0,
      "4": 0.2528626116749456
    },
    "(0, 4, 0, 1)": {
      "0": 0.0,
      "1": 0.0,
      "2": 0.0,
      "3": 0.43129416229730266,
      "4": 0.3774699194797296
    },
    "(1, 3, 0, 0)": {
      "0": 0.7252615826466822,
      "1": 0.17514906856212226,
      "2": 0.07833199918065532,
      "3": 0.0,
      "4": 0.0
    },
    "(4, 3, 0, 0)": {
      "0": 0.661536971398295,
      "1": 0.0,
      "2": -0.054922976851900666,
      "3": 0.0,
      "4": 0.0
    },
    "(1, 3, 0, 1)": {
      "0": 0.0,
      "1": 0.0,
      "2": 0.0,
      "3": 0.28866445372073535,
      "4": 0.0
    },
    "(3, 4, 0, 3)": {
      "0": 0.13919960149896923,
      "1": 0.0,
      "2": 0.0,
      "3": 0.0,