{
  "schema_version": "1.0",
  "saved_at": 1771698667.6766033,
  "saved_at_human": "2026-02-21 18:31:07 UTC",
  "q_table": {
    "(3, 0, 0)": {
      "0": -0.20709853514045629,
      "1": -0.7063290736759595,
      "2": -0.8064219180760024,
      "3": 2.0253941438564675,
      "4": -1.2262843285030482
    },
    "(4, 0, 0)": {
      "0": 0.0,
      "1": 0.0,
      "2": 0.0,
      "3": 0.0,
      "4": 0.0
    },
    "(1, 3, 0)": {
      "0": -2.1541185898331245,
      "1": -2.6022231284614366,
      "2": -2.302589690970529,
      "3": -2.220868279810967,
      "4": -1.2980990128041863
    },
    "(0, 3, 0)": {
      "0": -4.657830765422007,
      "1": -4.665619144312604,
      "2": -4.632429140930806,
      "3": -3.6618907081732135,
      "4": -4.656397112272041
    },
    "(0, 3, 4)": {
      "0": -3.1315869240517347,
      "1": -3.0140446875,
      "2": -3.183427625978944,
      "3": -2.1831750000000003,
      "4": -2.4549937500000003
    },
    "(1, 3, 4)": {
      "0": -6.577154553552751,
      "1": -6.96394644512646,
      "2": -6.747388244600241,
      "3": -6.830821288695775,
      "4": -7.097577672420126
    },
    "(2, 2, 0)": {
      "0": -1.1407209916118273,
      "1": -0.8032958383206417,
      "2": -0.8398088283656355,
      "3": -0.7748815483692779,
      "4": -0.8301066800831782
    },
    "(2, 3, 0)": {
      "0": -6.786052037449017,
      "1": -7.111552998655055,
      "2": -7.450469430695678,
      "3": -7.114816039373539,
      "4": -6.569211133890449
    },
    "(1, 2, 0)": {
      "0": -0.5344808134695717,
      "1": -0.5080425000000002,
      "2": -0.6206521770370579,
      "3": -0.46710345568831235,
      "4": -0.40567819413738265
    },
    "(0, 1, 0)": {
      "0": 0.0,
      "1": 0.5326095000000002,
      "2": 0.0,
      "3": 0.0,
      "4": 0.0
    },
    "(1, 1, 0)": {
      "0": -0.5983111414064455,
      "1": 0.0730416165861004,
      "2": -0.039660000000000056,
      "3": 0.010670000000000021,
      "4": 0.0
    },
    "(2, 1, 0)": {
      "0": -0.15245509199999996,
      "1": -0.3980016277380001,
      "2": -0.4987704744571361,
      "3": -0.3147258570685201,
      "4": -0.22436429977814398
    },
    "(1, 3, 1)": {
      "0": -0.60926671875,
      "1": 0.0,
      "2": 0.0,
      "3": 0.0,
      "4": 0.0
    },
    "(0, 3, 1)": {
      "0": -3.2358580333980713,
      "1": -3.240889741420815,
      "2": -3.2981793115330875,
      "3": -2.9120300309576335,
      "4": -3.4135943250021192
    },
    "(0, 2, 0)": {
      "0": -1.3058914969116968,
      "1": 0.6524878272000001,
      "2": 0.0,
      "3": 0.0,
      "4": 0.0
    }
  },
  "stats": {
    "q_table_states": 15,
    "current_connections": 1,
    "exploration_rate": 0.05,
    "total_decisions": 605,
    "total_updates": 600,
    "average_reward": -0.0166,
    "total_reward": -9.9627,
    "positive_rewards": 1,
    "negative_rewards": 14,
    "throughput_improvements": 5,
    "monitoring_interval": 5.0
  }
}