{
  "schema_version": "1.0",
  "saved_at": 1772217942.844822,
  "saved_at_human": "2026-02-27 18:45:42 UTC",
  "q_table": {
    "(3, 0, 0)": {
      "0": -0.908785667504518,
      "1": -0.7063290736759595,
      "2": -0.6602525253100533,
      "3": 1.2590826424670607,
      "4": -1.0809197415031613
    },
    "(4, 0, 0)": {
      "0": -0.7422550356437524,
      "1": -0.36491895600237534,
      "2": -0.06407000000000039,
      "3": 0.021324226024689443,
      "4": 0.0
    },
    "(1, 3, 0)": {
      "0": -2.1541185898331245,
      "1": -2.6022231284614366,
      "2": -2.302589690970529,
      "3": -2.2541620004279213,
      "4": -1.9788008781895436
    },
    "(0, 3, 0)": {
      "0": -4.657830765422007,
      "1": -4.665619144312604,
      "2": -4.632429140930806,
      "3": -3.6618907081732135,
      "4": -4.656397112272041
    },
    "(0, 3, 4)": {
      "0": -3.1315869240517347,
      "1": -3.0140446875,
      "2": -3.183427625978944,
      "3": -2.1831750000000003,
      "4": -2.4549937500000003
    },
    "(1, 3, 4)": {
      "0": -6.577154553552751,
      "1": -6.96394644512646,
      "2": -6.747388244600241,
      "3": -6.830821288695775,
      "4": -7.097577672420126
    },
    "(2, 2, 0)": {
      "0": -1.1407209916118273,
      "1": -1.3087711415220658,
      "2": -1.3119288914268286,
      "3": -1.2587579112365443,
      "4": -1.2740946122167214
    },
    "(2, 3, 0)": {
      "0": -6.814586449716461,
      "1": -7.111552998655055,
      "2": -7.450469430695678,
      "3": -7.114816039373539,
      "4": -5.202718455338163
    },
    "(1, 2, 0)": {
      "0": -0.5344808134695717,
      "1": -0.5080425000000002,
      "2": -0.6206521770370579,
      "3": -0.8406517666170306,
      "4": -0.6429153513677893
    },
    "(0, 1, 0)": {
      "0": 0.0,
      "1": 0.5326095000000002,
      "2": 0.5961816976537119,
      "3": 0.0,
      "4": 0.0
    },
    "(1, 1, 0)": {
      "0": -0.5983111414064455,
      "1": 1.5219058226750821,
      "2": 0.05561770755124909,
      "3": 0.010670000000000021,
      "4": 0.0
    },
    "(2, 1, 0)": {
      "0": -0.5203918134072595,
      "1": -0.5277046073277428,
      "2": -0.564533222016254,
      "3": -0.5284265295999915,
      "4": -1.0443267546735522
    },
    "(1, 3, 1)": {
      "0": -0.60926671875,
      "1": 0.0,
      "2": 0.0,
      "3": 0.0,
      "4": 0.0
    },
    "(0, 3, 1)": {
      "0": -3.2358580333980713,
      "1": -3.240889741420815,
      "2": -3.2981793115330875,
      "3": -2.9120300309576335,
      "4": -3.4135943250021192
    },
    "(0, 2, 0)": {
      "0": -1.3058914969116968,
      "1": 0.6524878272000001,
      "2": 0.0,
      "3": 0.0,
      "4": 0.0
    },
    "(2, 0, 0)": {
      "0": 0.8411984986444959,
      "1": 0.0,
      "2": 0.0,
      "3": 0.0,
      "4": 0.0
    },
    "(4, 2, 0)": {
      "0": -0.7500000000000001,
      "1": 0.0,
      "2": 0.0,
      "3": 0.0,
      "4": 0.0
    },
    "(3, 2, 0)": {
      "0": -0.18586350000000007,
      "1": -0.1408297086,
      "2": -0.7500000000000001,
      "3": -0.5521035,
      "4": 0.0
    },
    "(3, 3, 0)": {
      "0": -0.7500000000000001,
      "1": -0.4720830000000003,
      "2": -0.7500000000000001,
      "3": 0.54933123075,
      "4": -0.5004223226999998
    },
    "(4, 1, 0)": {
      "0": -0.7500000000000001,
      "1": 1.3676797500000002,
      "2": 0.0,
      "3": 0.0,
      "4": 0.0
    },
    "(3, 1, 0)": {
      "0": -0.7500000000000001,
      "1": -0.11250000000000004,
      "2": 0.0,
      "3": 0.0,
      "4": 0.0
    }
  },
  "stats": {
    "q_table_states": 21,
    "current_connections": 10,
    "exploration_rate": 0.05,
    "total_decisions": 767,
    "total_updates": 752,
    "average_reward": -0.0066,
    "total_reward": -5.0,
    "positive_rewards": 0,
    "negative_rewards": 1,
    "throughput_improvements": 0,
    "monitoring_interval": 5.0
  }
}