{
  "schema_version": "1.0",
  "saved_at": 1771686757.9586222,
  "saved_at_human": "2026-02-21 15:12:37 UTC",
  "q_table": {
    "(3, 0, 0)": {
      "0": -0.20709853514045629,
      "1": -0.7063290736759595,
      "2": -0.8064219180760024,
      "3": 2.0253941438564675,
      "4": -1.2262843285030482
    },
    "(4, 0, 0)": {
      "0": 0.0,
      "1": 0.0,
      "2": 0.0,
      "3": 0.0,
      "4": 0.0
    },
    "(1, 3, 0)": {
      "0": -2.1541185898331245,
      "1": -2.6022231284614366,
      "2": -2.302589690970529,
      "3": -2.220868279810967,
      "4": -2.0564640833362247
    },
    "(0, 3, 0)": {
      "0": -4.657830765422007,
      "1": -4.665619144312604,
      "2": -4.632429140930806,
      "3": -4.661799727262604,
      "4": -4.656397112272041
    },
    "(0, 3, 4)": {
      "0": -3.1315869240517347,
      "1": -3.0140446875,
      "2": -3.183427625978944,
      "3": -2.1831750000000003,
      "4": -2.4549937500000003
    },
    "(1, 3, 4)": {
      "0": -6.577154553552751,
      "1": -6.96394644512646,
      "2": -6.747388244600241,
      "3": -6.830821288695775,
      "4": -7.097577672420126
    },
    "(2, 2, 0)": {
      "0": -0.3726585000000001,
      "1": -0.8032958383206417,
      "2": -0.09529528,
      "3": -0.21666750000000012,
      "4": -0.35517000000000004
    },
    "(2, 3, 0)": {
      "0": -4.295814511026366,
      "1": -4.320713916778189,
      "2": -4.420591321201418,
      "3": -4.513355856979891,
      "4": -4.115840107076327
    },
    "(1, 2, 0)": {
      "0": -0.33404531727454934,
      "1": -0.5080425000000002,
      "2": 0.0,
      "3": 0.0,
      "4": 0.0
    },
    "(0, 1, 0)": {
      "0": 0.0,
      "1": 0.5326095000000002,
      "2": 0.0,
      "3": 0.0,
      "4": 0.0
    },
    "(1, 1, 0)": {
      "0": 0.2352945,
      "1": 0.0,
      "2": 0.0,
      "3": 0.0,
      "4": 0.0
    },
    "(2, 1, 0)": {
      "0": -0.07844387999999997,
      "1": 0.0,
      "2": 0.0,
      "3": 0.0,
      "4": 0.0
    },
    "(1, 3, 1)": {
      "0": -0.60926671875,
      "1": 0.0,
      "2": 0.0,
      "3": 0.0,
      "4": 0.0
    },
    "(0, 3, 1)": {
      "0": -3.2358580333980713,
      "1": -3.240889741420815,
      "2": -3.2981793115330875,
      "3": -2.9120300309576335,
      "4": -3.4135943250021192
    }
  },
  "stats": {
    "q_table_states": 14,
    "current_connections": 3,
    "exploration_rate": 0.05,
    "total_decisions": 504,
    "total_updates": 500,
    "average_reward": -1.3863,
    "total_reward": -693.1455,
    "positive_rewards": 4,
    "negative_rewards": 396,
    "throughput_improvements": 48,
    "monitoring_interval": 5.0
  }
}