{
  "schema_version": "1.0",
  "saved_at": 1773508300.5574512,
  "saved_at_human": "2026-03-14 17:11:40 UTC",
  "q_table": {
    "(2, 2, 0, 2)": {
      "0": 0.0,
      "1": 0.6775911594153261,
      "2": 2.025785962116041,
      "3": 0.8258713565345102,
      "4": 0.0
    },
    "(3, 4, 0, 2)": {
      "0": 0.0,
      "1": 0.0,
      "2": 0.0,
      "3": 0.0,
      "4": 0.46418950244696616
    },
    "(2, 3, 0, 0)": {
      "0": 0.0,
      "1": 0.0,
      "2": 0.0,
      "3": 0.0,
      "4": 1.6917452302493454
    },
    "(2, 2, 0, 0)": {
      "0": 1.293093665463982,
      "1": 0.0,
      "2": 0.0,
      "3": 0.0,
      "4": 0.26026333209372676
    },
    "(4, 1, 0, 3)": {
      "0": 0.0,
      "1": 0.0,
      "2": 0.0,
      "3": 0.0,
      "4": 0.04084055285747927
    },
    "(0, 4, 0, 0)": {
      "0": 0.0,
      "1": 0.09396997298331905,
      "2": 0.0,
      "3": 0.0,
      "4": 0.9465935114393591
    },
    "(3, 3, 0, 0)": {
      "0": 0.0,
      "1": 0.0,
      "2": 0.5535836981395396,
      "3": 0.0,
      "4": 0.0
    },
    "(1, 3, 0, 0)": {
      "0": 0.0,
      "1": 0.0,
      "2": 0.0,
      "3": 0.7104079546216358,
      "4": 1.6442469900996963
    },
    "(4, 0, 0, 3)": {
      "0": 0.0,
      "1": 0.4821104511091049,
      "2": 0.0,
      "3": 0.0,
      "4": 0.0
    },
    "(3, 4, 0, 4)": {
      "0": 1.3279560980460945,
      "1": 0.0,
      "2": 0.2823053415744158,
      "3": 0.0,
      "4": 0.0
    },
    "(1, 4, 0, 4)": {
      "0": 0.9337444177402812,
      "1": 0.0,
      "2": 0.6505971298973258,
      "3": 0.0,
      "4": 0.052548289616903415
    },
    "(2, 4, 0, 4)": {
      "0": 1.607634725768333,
      "1": 0.0,
      "2": 0.0,
      "3": 0.0,
      "4": 0.0
    },
    "(4, 4, 0, 4)": {
      "0": 0.0,
      "1": 0.0,
      "2": 0.0,
      "3": 0.0,
      "4": 0.46584948974068957
    },
    "(4, 4, 0, 1)": {
      "0": 0.4466340389693767,
      "1": 0.0,
      "2": 0.0,
      "3": 0.0,
      "4": 0.0
    },
    "(4, 2, 0, 4)": {
      "0": 0.0,
      "1": 0.11258539015333366,
      "2": 0.0,
      "3": 0.0,
      "4": 0.0
    },
    "(3, 2, 0, 4)": {
      "0": 0.0,
      "1": 0.0,
      "2": 0.0,
      "3": 0.0,
      "4": 1.0641761369642184
    },
    "(2, 4, 0, 1)": {
      "0": 0.0,
      "1": 0.0,
      "2": 0.0,
      "3": 0.0,
      "4": 0.3563110422562558
    },
    "(3, 2, 0, 0)": {
      "0": 0.0,
      "1": 0.0,
      "2": 0.25344190969028696,
      "3": 0.0,
      "4": 0.0
    },
    "(2, 0, 0, 3)": {
      "0": 0.0,
      "1": 0.0,
      "2": -0.17067010703670887,
      "3": 0.0,
      "4": 0.0
    },
    "(1, 1, 0, 3)": {
      "0": 0.0,
      "1": 0.0,
      "2": 0.0,
      "3": 0.7940612909814027,
      "4": 0.0
    },
    "(1, 1, 0, 2)": {
      "0": 0.0,
      "1": 0.0,
      "2": 0.0,
      "3": -0.31176944967911197,
      "4": 0.0
    },
    "(0, 2, 0, 2)": {
      "0": 0.22680001022603619,
      "1": 0.07944513826306854,
      "2": 0.0,
      "3": 0.0,
      "4": 0.0
    },
    "(2, 3, 0, 4)": {
      "0": 1.2092159533716726,
      "1": 0.0,
      "2": 0.0,
      "3": 0.0,
      "4": 0.0
    },
    "(3, 3, 0, 4)": {
      "0": 0.0,
      "1": 0.0,
      "2": 0.0,
      "3": 0.9211568736958241,
      "4": 0.0
    },
    "(0, 3, 0, 4)": {
      "0": 0.0,
      "1": 0.0,
      "2": 0.7951797240094364,
      "3": 0.0,
      "4": 0.0
    },
    "(2, 3, 0, 3)": {
      "0": 0.0,
      "1": 0.0,
      "2": 0.0,
      "3": 0.037539416009925566,
      "4": 0.0
    },
    "(0, 3, 0, 2)": {
      "0": 0.0,
      "1": 0.0,
      "2": -0.09984626679406283,
      "3": 0.0,
      "4": 0.0
    },
    "(1, 3, 0, 2)": {
      "0": 0.0,
      "1": 0.0,
      "2": 0.0,
      "3": 0.0,
      "4": 0.8781794050406869
    },
    "(0, 3, 0, 0)": {
      "0": 0.11889736380520743,
      "1": 0.0,
      "2": 0.0,
      "3": -0.05925212525433057,
      "4": -0.05088899152385981
    },
    "(3, 0, 0, 3)": {
      "0": 0.0,
      "1": 0.615889518183313,
      "2": 0.0,
      "3": 0.0,
      "4": 0.0
    },
    "(2, 2, 0, 4)": {
      "0": 0.0,
      "1": 1.3506681102761249,
      "2": 0.7396941492651927,
      "3": 0.0,
      "4": 0.0
    },
    "(0, 4, 0, 1)": {
      "0": 0.0,
      "1": 0.0,
      "2": 0.24100249172236815,
      "3": 0.0,
      "4": 0.0
    },
    "(1, 4, 0, 1)": {
      "0": 0.0,
      "1": 0.0,
      "2": 0.0,
      "3": 0.0,
      "4": 0.3437082903087627
    },
    "(1, 4, 0, 0)": {
      "0": 0.0,
      "1": 0.0,
      "2": 1.259722227998128,
      "3": 0.0,
      "4": 0.15848795468097365
    },
    "(1, 2, 0, 2)": {
      "0": 0.0,
      "1": 0.0,
      "2": 2.1481644605022576,
      "3": 0.0,
      "4": 0.0
    },
    "(0, 1, 0, 4)": {
      "0": 0.0,
      "1": 0.0,
      "2": 0.0,
      "3": 0.0,
      "4": 0.24334298706674218
    },
    "(1, 2, 0, 0)": {
      "0": 0.0,
      "1": 0.0,
      "2": 0.0,
      "3": 0.0,
      "4": 0.6465926923262802
    },
    "(1, 0, 0, 3)": {
      "0": 0.0,
      "1": 0.0,
      "2": -0.09523634314460117,
      "3": 0.0,
      "4": -0.5184104815216984
    },
    "(0, 2, 0, 0)": {
      "0": 0.898136886820964,
      "1": 0.0,
      "2": 0.10482013236744403,
      "3": 0.0,
      "4": 0.0
    },
    "(2, 2, 0, 3)": {
      "0": 0.0,
      "1": 1.2850617657463712,
      "2": 0.0,
      "3": 0.0,
      "4": 0.0
    },
    "(1, 2, 0, 4)": {
      "0": 0.0,
      "1": 0.0,
      "2": 0.0,
      "3": 0.0,
      "4": 0.4142479358821761
    },
    "(1, 1, 0, 4)": {
      "0": 0.0,
      "1": 0.0,
      "2": 0.0,
      "3": -0.2805519821403221,
      "4": 0.0
    },
    "(1, 2, 0, 3)": {
      "0": 0.0,
      "1": 0.4722392655564827,
      "2": 0.0,
      "3": 0.0,
      "4": 0.0
    },
    "(2, 1, 0, 3)": {
      "0": 0.0,
      "1": 0.7609107113437802,
      "2": 0.0,
      "3": 0.0,
      "4": 0.0
    },
    "(1, 3, 0, 4)": {
      "0": 0.0,
      "1": 0.0,
      "2": 0.99084891575009,
      "3": 0.0,
      "4": 0.2006380552928287
    },
    "(0, 3, 0, 1)": {
      "0": 0.0,
      "1": -0.11459707217095588,
      "2": -0.31723795710284874,
      "3": 0.0,
      "4": 0.0
    },
    "(1, 3, 0, 1)": {
      "0": 0.0,
      "1": 0.0,
      "2": 0.0,
      "3": 0.7213498760712552,
      "4": 0.0
    },
    "(0, 0, 0, 2)": {
      "0": 0.0,
      "1": 0.0,
      "2": -0.19733334733811037,
      "3": -0.25479950752580877,
      "4": -0.06013494520018958
    },
    "(1, 0, 0, 2)": {
      "0": 0.0,
      "1": 0.0,
      "2": -0.13798867927344116,
      "3": -0.5599408944467844,
      "4": 0.0
    },
    "(0, 4, 0, 2)": {
      "0": 0.653106459497559,
      "1": 0.0,
      "2": 0.0,
      "3": 0.0,
      "4": 0.0
    },
    "(0, 4, 0, 4)": {
      "0": -0.17994375020978193,
      "1": -0.47740736215074187,
      "2": -0.1402577645922672,
      "3": -0.2943674425928904,
      "4": -0.267990511491254
    },
    "(2, 4, 0, 0)": {
      "0": -0.07953796641859619,
      "1": 0.0,
      "2": 0.0,
      "3": 0.0,
      "4": 1.3359389165931628
    },
    "(1, 3, 0, 3)": {
      "0": 0.0,
      "1": 0.0,
      "2": 1.6555267661307216,
      "3": 0.0,
      "4": 0.20369295898036047
    },
    "(3, 1, 0, 4)": {
      "0": 0.0,
      "1": 0.0,
      "2": 0.0,
      "3": 0.5313464286883924,
      "4": 0.0
    },
    "(1, 2, 0, 1)": {
      "0": 0.0,
      "1": 0.45145822921396417,
      "2": 0.0,
      "3": 0.0,
      "4": 0.0
    },
    "(3, 2, 0, 2)": {
      "0": 0.0,
      "1": 0.9375664465672634,
      "2": 0.0,
      "3": 0.0,
      "4": 0.0
    },
    "(3, 2, 0, 3)": {
      "0": 0.0,
      "1": 0.0,
      "2": 0.3864146270379068,
      "3": 0.0,
      "4": 0.0
    },
    "(2, 2, 0, 1)": {
      "0": 0.0,
      "1": 1.8167481522408657,
      "2": 0.0,
      "3": 0.0,
      "4": 0.0
    },
    "(3, 1, 0, 2)": {
      "0": 0.0,
      "1": 0.7166500141619195,
      "2": 0.0,
      "3": 0.0,
      "4": 0.0
    },
    "(2, 1, 0, 2)": {
      "0": 0.0,
      "1": 0.0,
      "2": 0.0,
      "3": 0.0,
      "4": 0.7304832893558655
    },
    "(4, 0, 0, 2)": {
      "0": 0.0,
      "1": 0.0,