{
  "schema_version": "1.0",
  "saved_at": 1771609143.9949763,
  "saved_at_human": "2026-02-20 17:39:03 UTC",
  "q_table": {
    "(3, 0, 0)": {
      "0": -0.20709853514045629,
      "1": -0.7063290736759595,
      "2": -0.3526477000000001,
      "3": -0.2422950000000003,
      "4": -0.5339728549440478
    }
  },
  "stats": {
    "q_table_states": 1,
    "current_connections": 17,
    "exploration_rate": 0.2769,
    "total_decisions": 16,
    "total_updates": 14,
    "average_reward": -1.0917,
    "total_reward": -15.284,
    "positive_rewards": 2,
    "negative_rewards": 10,
    "throughput_improvements": 4,
    "monitoring_interval": 5.0
  }
}