{
  "schema_version": "1.0",
  "saved_at": 1773468433.525912,
  "saved_at_human": "2026-03-14 06:07:13 UTC",
  "q_table": {
    "(2, 2, 0, 2)": {
      "0": 0.0,
      "1": 0.0,
      "2": 0.5362079807773574,
      "3": 0.0,
      "4": 0.0
    },
    "(3, 4, 0, 2)": {
      "0": 0.0,
      "1": 0.0,
      "2": 0.0,
      "3": 0.0,
      "4": 0.46418950244696616
    },
    "(2, 3, 0, 0)": {
      "0": 0.0,
      "1": 0.0,
      "2": 0.0,
      "3": 0.0,
      "4": 1.8114842234433748
    },
    "(2, 2, 0, 0)": {
      "0": 0.9265037070988378,
      "1": 0.0,
      "2": 0.0,
      "3": 0.0,
      "4": 0.26026333209372676
    },
    "(4, 1, 0, 3)": {
      "0": 0.0,
      "1": 0.0,
      "2": 0.0,
      "3": 0.0,
      "4": 0.04084055285747927
    },
    "(0, 4, 0, 0)": {
      "0": 0.0,
      "1": 0.0,
      "2": 0.0,
      "3": 0.0,
      "4": 1.2831536812564213
    },
    "(3, 3, 0, 0)": {
      "0": 0.0,
      "1": 0.0,
      "2": 0.5535836981395396,
      "3": 0.0,
      "4": 0.0
    },
    "(1, 3, 0, 0)": {
      "0": 0.0,
      "1": 0.0,
      "2": 0.0,
      "3": 0.7104079546216358,
      "4": 1.6442469900996963
    },
    "(4, 0, 0, 3)": {
      "0": 0.0,
      "1": 0.23917598506858925,
      "2": 0.0,
      "3": 0.0,
      "4": 0.0
    },
    "(3, 4, 0, 4)": {
      "0": 1.3279560980460945,
      "1": 0.0,
      "2": 0.2823053415744158,
      "3": 0.0,
      "4": 0.0
    },
    "(1, 4, 0, 4)": {
      "0": 2.802066823892857,
      "1": 0.0,
      "2": 0.6505971298973258,
      "3": 0.0,
      "4": 0.052548289616903415
    },
    "(2, 4, 0, 4)": {
      "0": 1.607634725768333,
      "1": 0.0,
      "2": 0.0,
      "3": 0.0,
      "4": 0.0
    },
    "(4, 4, 0, 4)": {
      "0": 0.0,
      "1": 0.0,
      "2": 0.0,
      "3": 0.0,
      "4": 0.46584948974068957
    },
    "(4, 4, 0, 1)": {
      "0": 0.4466340389693767,
      "1": 0.0,
      "2": 0.0,
      "3": 0.0,
      "4": 0.0
    },
    "(4, 2, 0, 4)": {
      "0": 0.0,
      "1": 0.11258539015333366,
      "2": 0.0,
      "3": 0.0,
      "4": 0.0
    },
    "(3, 2, 0, 4)": {
      "0": 0.0,
      "1": 0.0,
      "2": 0.0,
      "3": 0.0,
      "4": 0.22378638130593093
    },
    "(2, 4, 0, 1)": {
      "0": 0.0,
      "1": 0.0,
      "2": 0.0,
      "3": 0.0,
      "4": 0.3563110422562558
    },
    "(3, 2, 0, 0)": {
      "0": 0.0,
      "1": 0.0,
      "2": 0.25344190969028696,
      "3": 0.0,
      "4": 0.0
    },
    "(2, 0, 0, 3)": {
      "0": 0.0,
      "1": 0.0,
      "2": 0.4725462307918639,
      "3": 0.0,
      "4": 0.0
    },
    "(1, 1, 0, 3)": {
      "0": 0.0,
      "1": 0.0,
      "2": 0.0,
      "3": 0.7940612909814027,
      "4": 0.0
    },
    "(1, 1, 0, 2)": {
      "0": 0.0,
      "1": 0.0,
      "2": 0.0,
      "3": 0.04459687408815556,
      "4": 0.0
    },
    "(0, 2, 0, 2)": {
      "0": 0.22680001022603619,
      "1": 0.4188238030584752,
      "2": 0.0,
      "3": 0.0,
      "4": 0.0
    },
    "(2, 3, 0, 4)": {
      "0": 1.2092159533716726,
      "1": 0.0,
      "2": 0.0,
      "3": 0.0,
      "4": 0.0
    },
    "(3, 3, 0, 4)": {
      "0": 0.0,
      "1": 0.0,
      "2": 0.0,
      "3": 0.9211568736958241,
      "4": 0.0
    },
    "(0, 3, 0, 4)": {
      "0": 0.0,
      "1": 0.0,
      "2": 0.311138378639913,
      "3": 0.0,
      "4": 0.0
    },
    "(2, 3, 0, 3)": {
      "0": 0.0,
      "1": 0.0,
      "2": 0.0,
      "3": 0.037539416009925566,
      "4": 0.0
    },
    "(0, 3, 0, 2)": {
      "0": 0.0,
      "1": 0.0,
      "2": 0.21591138063742227,
      "3": 0.0,
      "4": 0.0
    },
    "(1, 3, 0, 2)": {
      "0": 0.0,
      "1": 0.0,
      "2": 0.0,
      "3": 0.0,
      "4": 0.8781794050406869
    },
    "(0, 3, 0, 0)": {
      "0": 1.0799208674928145,
      "1": 0.0,
      "2": 0.0,
      "3": 0.0,
      "4": 0.0
    },
    "(3, 0, 0, 3)": {
      "0": 0.0,
      "1": 0.31829240766932776,
      "2": 0.0,
      "3": 0.0,
      "4": 0.0
    },
    "(2, 2, 0, 4)": {
      "0": 0.0,
      "1": 0.6511631308082326,
      "2": 0.0,
      "3": 0.0,
      "4": 0.0
    },
    "(0, 4, 0, 1)": {
      "0": 0.0,
      "1": 0.0,
      "2": 0.24100249172236815,
      "3": 0.0,
      "4": 0.0
    },
    "(1, 4, 0, 1)": {
      "0": 0.0,
      "1": 0.0,
      "2": 0.0,
      "3": 0.0,
      "4": 0.3437082903087627
    },
    "(1, 4, 0, 0)": {
      "0": 0.0,
      "1": 0.0,
      "2": 1.259722227998128,
      "3": 0.0,
      "4": 0.15848795468097365
    },
    "(1, 2, 0, 2)": {
      "0": 0.0,
      "1": 0.0,
      "2": 1.4035935333997336,
      "3": 0.0,
      "4": 0.0
    },
    "(0, 1, 0, 4)": {
      "0": 0.0,
      "1": 0.0,
      "2": 0.0,
      "3": 0.0,
      "4": 0.24334298706674218
    },
    "(1, 2, 0, 0)": {
      "0": 0.0,
      "1": 0.0,
      "2": 0.0,
      "3": 0.0,
      "4": 0.6465926923262802
    },
    "(1, 0, 0, 3)": {
      "0": 0.0,
      "1": 0.0,
      "2": 0.5669047407632416,
      "3": 0.0,
      "4": 0.0
    },
    "(0, 2, 0, 0)": {
      "0": 0.5142837007935196,
      "1": 0.0,
      "2": 0.10482013236744403,
      "3": 0.0,
      "4": 0.0
    },
    "(2, 2, 0, 3)": {
      "0": 0.0,
      "1": 0.2107188464397953,
      "2": 0.0,
      "3": 0.0,
      "4": 0.0
    },
    "(1, 2, 0, 4)": {
      "0": 0.0,
      "1": 0.0,
      "2": 0.0,
      "3": 0.0,
      "4": 0.4470381031486552
    },
    "(1, 1, 0, 4)": {
      "0": 0.0,
      "1": 0.0,
      "2": 0.0,
      "3": 0.24425085963344867,
      "4": 0.0
    },
    "(1, 2, 0, 3)": {
      "0": 0.0,
      "1": 0.4722392655564827,
      "2": 0.0,
      "3": 0.0,
      "4": 0.0
    },
    "(2, 1, 0, 3)": {
      "0": 0.0,
      "1": 0.5246689438925622,
      "2": 0.0,
      "3": 0.0,
      "4": 0.0
    },
    "(1, 3, 0, 4)": {
      "0": 0.0,
      "1": 0.0,
      "2": 0.99084891575009,
      "3": 0.0,
      "4": 0.2006380552928287
    },
    "(0, 3, 0, 1)": {
      "0": 0.0,
      "1": 0.0,
      "2": 0.252158890538291,
      "3": 0.0,
      "4": 0.0
    },
    "(1, 3, 0, 1)": {
      "0": 0.0,
      "1": 0.0,
      "2": 0.0,
      "3": 0.7213498760712552,
      "4": 0.0
    },
    "(0, 0, 0, 2)": {
      "0": 0.0,
      "1": 0.0,
      "2": -0.19733334733811037,
      "3": 0.0,
      "4": 0.0
    },
    "(1, 0, 0, 2)": {
      "0": 0.0,
      "1": 0.0,
      "2": -0.13798867927344116,
      "3": 0.0,
      "4": 0.0
    },
    "(0, 4, 0, 2)": {
      "0": 0.653106459497559,
      "1": 0.0,
      "2": 0.0,
      "3": 0.0,
      "4": 0.0
    },
    "(0, 4, 0, 4)": {
      "0": 2.6504676540631342,
      "1": 0.6603946923209852,
      "2": 0.0,
      "3": 0.0,
      "4": 0.0
    },
    "(2, 4, 0, 0)": {
      "0": 0.0,
      "1": 0.0,
      "2": 0.0,
      "3": 0.0,
      "4": 1.3359389165931628
    },
    "(1, 3, 0, 3)": {
      "0": 0.0,
      "1": 0.0,
      "2": 1.3615908675014203,
      "3": 0.0,
      "4": 0.0
    }
  },
  "stats": {
    "q_table_states": 53,
    "observed_states": 20,
    "current_connections": 6,
    "exploration_rate": 0.05,
    "total_decisions": 201,
    "total_updates": 200,
    "average_reward": 0.6114,
    "total_reward": 122.2853,
    "positive_rewards": 189,
    "negative_rewards": 11,
    "throughput_improvements": 100,
    "monitoring_interval": 2.0,
    "model_dir": "models/dci",
    "model_exists_on_disk": true,
    "rolling_peak_mbps": 61.58,
    "tput_range": "AdaptiveRange(min=36.8, max=75.0, bins=5, step=40, frozen=True)",
    "rtt_range": "AdaptiveRange(min=77.3, max=374.9, bins=5, step=40, frozen=True)",
    "tput_range_state": {
      "obs_min": 36.84483828269498,
      "obs_max": 75.01561286389422,
      "count": 40,
      "frozen": true,
      "freeze_after": 40,
      "min_spread": 5.0
    },
    "rtt_range_state": {
      "obs_min": 77.28481860875176,
      "obs_max": 374.92451230298303,
      "count": 40,
      "frozen": true,
      "freeze_after": 40,
      "min_spread": 10.0
    }
  }
}