{
  "schema_version": "1.0",
  "saved_at": 1772955142.2631283,
  "saved_at_human": "2026-03-08 07:32:22 UTC",
  "q_table": {
    "(2, 2, 0, 0)": {
      "0": 0.3788522893254153,
      "1": 0.4452277774340744,
      "2": 0.0,
      "3": 0.0,
      "4": 0.0
    },
    "(3, 4, 0, 0)": {
      "0": 0.0,
      "1": 0.26799669398247294,
      "2": 0.0,
      "3": 0.0,
      "4": 0.0
    },
    "(2, 4, 0, 0)": {
      "0": -0.0021551489107782817,
      "1": 0.0,
      "2": 0.0,
      "3": 0.0,
      "4": 0.0
    },
    "(0, 4, 0, 1)": {
      "0": 0.0,
      "1": 0.0,
      "2": 0.2730594866493657,
      "3": 0.0,
      "4": 0.0
    },
    "(2, 4, 0, 1)": {
      "0": 0.0,
      "1": 0.0,
      "2": 0.19888359507137796,
      "3": 0.0,
      "4": 0.0
    },
    "(1, 4, 0, 1)": {
      "0": 0.0,
      "1": 0.0,
      "2": 0.0,
      "3": 0.0,
      "4": 0.09661085837840941
    },
    "(0, 3, 0, 0)": {
      "0": 0.0,
      "1": 0.5277947560451903,
      "2": 0.12161515411986915,
      "3": 0.0,
      "4": 0.0
    },
    "(3, 2, 0, 1)": {
      "0": 0.3447144354875672,
      "1": 0.0,
      "2": 0.0,
      "3": 0.0,
      "4": 0.0
    },
    "(4, 4, 0, 2)": {
      "0": 0.25226286516960683,
      "1": 0.0,
      "2": 0.0,
      "3": 0.0,
      "4": 0.0
    },
    "(3, 4, 0, 3)": {
      "0": 0.0,
      "1": 0.0,
      "2": 0.2732254626044701,
      "3": 0.0,
      "4": 0.0
    },
    "(2, 4, 0, 3)": {
      "0": 0.9445684449707532,
      "1": 0.0,
      "2": 0.0,
      "3": 0.0,
      "4": 0.0
    },
    "(3, 4, 0, 4)": {
      "0": 0.8681128164460228,
      "1": 0.0,
      "2": 0.0,
      "3": 0.0,
      "4": 0.14544167127557237
    },
    "(2, 4, 0, 4)": {
      "0": 0.0,
      "1": 0.0,
      "2": 0.0,
      "3": 0.0,
      "4": 0.8621094806179848
    },
    "(0, 4, 0, 3)": {
      "0": 0.10116661690938987,
      "1": 0.0,
      "2": 0.0,
      "3": 0.0,
      "4": 0.0
    },
    "(1, 4, 0, 4)": {
      "0": -0.09337064853431246,
      "1": 0.8836230503612456,
      "2": 0.0,
      "3": 0.11843458005482618,
      "4": 0.0
    },
    "(0, 4, 0, 4)": {
      "0": 0.8078350752354579,
      "1": 0.0,
      "2": 0.0,
      "3": 0.0,
      "4": 0.0
    },
    "(4, 4, 0, 4)": {
      "0": 0.010456357709032353,
      "1": 0.0,
      "2": 0.0,
      "3": 0.0,
      "4": 0.1921060193888042
    },
    "(2, 3, 0, 3)": {
      "0": 0.31066783153719707,
      "1": 0.0,
      "2": 0.0,
      "3": 0.0,
      "4": 0.0
    },
    "(1, 4, 0, 3)": {
      "0": 0.0,
      "1": 0.47850775234528586,
      "2": 0.0,
      "3": 0.0,
      "4": 0.0
    }
  },
  "stats": {
    "q_table_states": 19,
    "current_connections": 23,
    "exploration_rate": 0.121,
    "total_decisions": 50,
    "total_updates": 50,
    "average_reward": 0.4957,
    "total_reward": 24.7871,
    "positive_rewards": 44,
    "negative_rewards": 6,
    "throughput_improvements": 25,
    "monitoring_interval": 2.0
  }
}