{
  "schema_version": "1.0",
  "saved_at": 1772279032.9470878,
  "saved_at_human": "2026-02-28 11:43:52 UTC",
  "q_table": {
    "(4, 1, 0, 0)": {
      "0": 0.0,
      "1": 0.40951000000000004,
      "2": 0.0,
      "3": 0.19,
      "4": 0.0
    },
    "(4, 0, 0, 0)": {
      "0": 0.0,
      "1": 0.0,
      "2": 0.0,
      "3": 0.0,
      "4": 0.0
    },
    "(4, 3, 1, 0)": {
      "0": 0.0,
      "1": 0.0,
      "2": 0.0,
      "3": -0.1,
      "4": 0.0
    },
    "(4, 2, 2, 0)": {
      "0": 0.0,
      "1": 0.0,
      "2": 0.0,
      "3": 0.0,
      "4": 0.0
    },
    "(4, 3, 2, 0)": {
      "0": 0.0,
      "1": 0.0,
      "2": -0.1,
      "3": -0.1,
      "4": 0.0
    },
    "(4, 3, 3, 0)": {
      "0": 0.0,
      "1": 0.0,
      "2": 0.0,
      "3": 0.0,
      "4": 0.0
    },
    "(4, 1, 2, 0)": {
      "0": 0.0,
      "1": -0.1,
      "2": 0.0,
      "3": 0.0,
      "4": 0.0
    },
    "(0, 1, 2, 0)": {
      "0": 0.0,
      "1": 0.0,
      "2": 0.0,
      "3": 0.0,
      "4": 0.0
    }
  },
  "stats": {
    "q_table_states": 8,
    "current_connections": 18,
    "exploration_rate": 0.2741,
    "total_decisions": 18,
    "total_updates": 11,
    "average_reward": 0.2727,
    "total_reward": 3.0,
    "positive_rewards": 7,
    "negative_rewards": 4,
    "neutral_rewards": 0,
    "throughput_improvements": 6,
    "utility_k": 1.0,
    "utility_b": 8.0,
    "reward_positive": 1.0,
    "reward_negative": 1.0,
    "reward_epsilon": 0.05,
    "monitoring_interval": 5.0
  }
}