{
  "schema_version": "1.0",
  "saved_at": 1771683226.410121,
  "saved_at_human": "2026-02-21 14:13:46 UTC",
  "q_table": {
    "(3, 0, 0)": {
      "0": -0.20709853514045629,
      "1": -0.7063290736759595,
      "2": -0.8064219180760024,
      "3": 2.0253941438564675,
      "4": -1.2262843285030482
    },
    "(4, 0, 0)": {
      "0": 0.0,
      "1": 0.0,
      "2": 0.0,
      "3": 0.0,
      "4": 0.0
    },
    "(1, 3, 0)": {
      "0": 0.0,
      "1": 0.0,
      "2": -0.6342000000000001,
      "3": 0.0,
      "4": 0.0
    },
    "(0, 3, 0)": {
      "0": -0.7500000000000001,
      "1": 0.0,
      "2": 0.0,
      "3": 0.0,
      "4": 0.0
    },
    "(0, 3, 4)": {
      "0": -3.1315869240517347,
      "1": -3.0140446875,
      "2": -3.183427625978944,
      "3": -2.1831750000000003,
      "4": -2.4549937500000003
    },
    "(1, 3, 4)": {
      "0": -6.577154553552751,
      "1": -6.96394644512646,
      "2": -6.747388244600241,
      "3": -6.830821288695775,
      "4": -7.097577672420126
    }
  },
  "stats": {
    "q_table_states": 6,
    "current_connections": 8,
    "exploration_rate": 0.1782,
    "total_decisions": 104,
    "total_updates": 100,
    "average_reward": -3.7423,
    "total_reward": -374.228,
    "positive_rewards": 0,
    "negative_rewards": 75,
    "throughput_improvements": 44,
    "monitoring_interval": 5.0
  }
}