{
  "schema_version": "1.0",
  "saved_at": 1773165358.427986,
  "saved_at_human": "2026-03-10 17:55:58 UTC",
  "q_table": {
    "(2, 0, 0, 0)": {
      "0": 0.0,
      "1": 0.0,
      "2": 0.0,
      "3": 0.0,
      "4": 0.0
    },
    "(2, 2, 0, 2)": {
      "0": 0.41124687563799367,
      "1": 0.0,
      "2": 0.0,
      "3": 0.0,
      "4": 0.0
    },
    "(1, 4, 0, 4)": {
      "0": 1.6126739516178343,
      "1": 0.37446461593100283,
      "2": 0.5606765526080062,
      "3": 0.18041502592022682,
      "4": 0.0
    },
    "(0, 4, 0, 4)": {
      "0": 1.59198111987393,
      "1": 0.0,
      "2": 0.0,
      "3": 0.3058215914084278,
      "4": 0.0
    },
    "(3, 4, 0, 4)": {
      "0": 0.0,
      "1": 0.0,
      "2": 0.25783170287874335,
      "3": 0.0,
      "4": 1.000850067225693
    },
    "(4, 4, 0, 2)": {
      "0": 0.0,
      "1": 0.0,
      "2": 0.4190073592573735,
      "3": 0.0,
      "4": 0.0
    },
    "(3, 4, 0, 2)": {
      "0": 1.044687434219087,
      "1": 0.0,
      "2": 0.0,
      "3": 0.0,
      "4": 0.0
    },
    "(4, 4, 0, 4)": {
      "0": 0.0,
      "1": 0.0,
      "2": 0.0,
      "3": 0.43275844609221875,
      "4": 0.0
    },
    "(4, 3, 0, 2)": {
      "0": 0.0,
      "1": 0.0,
      "2": 0.0,
      "3": 0.0,
      "4": 0.444190644827363
    },
    "(3, 3, 0, 0)": {
      "0": 0.03876191649117256,
      "1": 0.0,
      "2": 0.0,
      "3": 0.0,
      "4": 0.0
    },
    "(1, 3, 0, 2)": {
      "0": 0.9315769783982283,
      "1": 0.0,
      "2": 0.0,
      "3": 0.0,
      "4": 0.0
    },
    "(4, 3, 0, 4)": {
      "0": 2.8264232191120215,
      "1": 0.18003652051234892,
      "2": 0.6136559038436685,
      "3": 0.0,
      "4": 0.0
    },
    "(3, 3, 0, 4)": {
      "0": 0.22823016558116804,
      "1": 1.4576457165934686,
      "2": 3.3521776804184906,
      "3": 0.7650972355521191,
      "4": 0.0
    },
    "(2, 3, 0, 4)": {
      "0": 1.6693076564819704,
      "1": 3.2126696744025165,
      "2": 0.0,
      "3": 0.16560888149788544,
      "4": 0.40265058785201446
    },
    "(3, 3, 0, 2)": {
      "0": 0.19777378608328344,
      "1": 0.0,
      "2": 0.0,
      "3": 0.0,
      "4": 0.0
    },
    "(3, 2, 0, 4)": {
      "0": 0.0,
      "1": 0.9005742632909307,
      "2": 0.0,
      "3": 0.0,
      "4": 0.025669281143574148
    },
    "(1, 2, 0, 2)": {
      "0": 0.0,
      "1": 0.0,
      "2": 0.0,
      "3": 0.34530076208272936,
      "4": 0.0
    },
    "(2, 2, 0, 4)": {
      "0": 2.384804659617145,
      "1": 0.18658489990021906,
      "2": 0.2849815910342858,
      "3": 0.0,
      "4": 0.0
    },
    "(1, 2, 0, 4)": {
      "0": 1.0282748584962955,
      "1": 0.33206651454561287,
      "2": 0.0,
      "3": 0.0,
      "4": 0.0
    },
    "(0, 2, 0, 4)": {
      "0": 0.0,
      "1": 0.0,
      "2": 0.8546552069980831,
      "3": 0.17367856587132743,
      "4": 0.0
    },
    "(4, 2, 0, 4)": {
      "0": 0.17786398715540877,
      "1": 0.0,
      "2": 0.0,
      "3": 0.0,
      "4": 0.0
    },
    "(0, 3, 0, 4)": {
      "0": 0.8913793533632,
      "1": 0.0,
      "2": 0.0,
      "3": 0.0,
      "4": 0.0
    },
    "(2, 4, 0, 4)": {
      "0": 1.8398386741683124,
      "1": 0.20014008012800585,
      "2": 0.0,
      "3": 0.0,
      "4": 0.0
    },
    "(1, 3, 0, 4)": {
      "0": 2.7695037554878597,
      "1": 0.0,
      "2": 0.0,
      "3": 0.0,
      "4": 0.0
    },
    "(1, 4, 0, 2)": {
      "0": 0.8860362732652639,
      "1": 0.0,
      "2": 0.0,
      "3": 0.0,
      "4": 0.0
    },
    "(2, 4, 0, 2)": {
      "0": 0.7964410979795873,
      "1": 0.0,
      "2": 0.0,
      "3": 0.0,
      "4": 0.0
    }
  },
  "stats": {
    "q_table_states": 26,
    "current_connections": 16,
    "exploration_rate": 0.05,
    "total_decisions": 301,
    "total_updates": 300,
    "average_reward": 0.4383,
    "total_reward": 131.4967,
    "positive_rewards": 270,
    "negative_rewards": 30,
    "throughput_improvements": 143,
    "monitoring_interval": 2.0
  }
}