{
  "schema_version": "1.0",
  "saved_at": 1773058535.9714499,
  "saved_at_human": "2026-03-09 12:15:35 UTC",
  "q_table": {
    "(2, 2, 0, 0)": {
      "0": 0.3788522893254153,
      "1": 0.4452277774340744,
      "2": 0.0,
      "3": 0.0,
      "4": 0.0
    },
    "(3, 4, 0, 0)": {
      "0": 0.0,
      "1": 0.26799669398247294,
      "2": 0.0,
      "3": 0.0,
      "4": 0.0
    },
    "(2, 4, 0, 0)": {
      "0": -0.0021551489107782817,
      "1": 0.0,
      "2": 0.0,
      "3": 0.0,
      "4": 0.0
    },
    "(0, 4, 0, 1)": {
      "0": 0.0,
      "1": 0.0,
      "2": 0.2730594866493657,
      "3": 0.0,
      "4": 0.0
    },
    "(2, 4, 0, 1)": {
      "0": 0.0,
      "1": 0.0,
      "2": 0.19888359507137796,
      "3": 0.0,
      "4": 0.0
    },
    "(1, 4, 0, 1)": {
      "0": 0.0,
      "1": 0.0,
      "2": 0.0,
      "3": 0.0,
      "4": 0.09661085837840941
    },
    "(0, 3, 0, 0)": {
      "0": 0.0,
      "1": 0.5277947560451903,
      "2": 0.12161515411986915,
      "3": 0.0,
      "4": 0.0
    },
    "(3, 2, 0, 1)": {
      "0": 0.3447144354875672,
      "1": 0.0,
      "2": 0.0,
      "3": 0.0,
      "4": 0.0
    },
    "(4, 4, 0, 2)": {
      "0": 0.25226286516960683,
      "1": 0.0,
      "2": 0.0,
      "3": 0.0,
      "4": 0.0
    },
    "(3, 4, 0, 3)": {
      "0": 0.0,
      "1": 0.0,
      "2": 0.5379600901633461,
      "3": 0.0,
      "4": 0.0
    },
    "(2, 4, 0, 3)": {
      "0": 0.9445684449707532,
      "1": 0.0,
      "2": 0.0,
      "3": 0.0,
      "4": 0.0
    },
    "(3, 4, 0, 4)": {
      "0": 0.9401052456934222,
      "1": 0.0,
      "2": 0.0,
      "3": 0.0,
      "4": 0.14544167127557237
    },
    "(2, 4, 0, 4)": {
      "0": 0.0,
      "1": 0.0,
      "2": 0.0,
      "3": 0.0,
      "4": 0.38657102261359894
    },
    "(0, 4, 0, 3)": {
      "0": 0.10116661690938987,
      "1": 0.0,
      "2": 0.0,
      "3": 0.0,
      "4": 0.0
    },
    "(1, 4, 0, 4)": {
      "0": -0.09337064853431246,
      "1": 0.8836230503612456,
      "2": 0.0,
      "3": 0.11843458005482618,
      "4": 0.0
    },
    "(0, 4, 0, 4)": {
      "0": 0.8078350752354579,
      "1": 0.0,
      "2": 0.0,
      "3": 0.0,
      "4": 0.0
    },
    "(4, 4, 0, 4)": {
      "0": 0.010456357709032353,
      "1": 0.0,
      "2": 0.0,
      "3": 0.0,
      "4": 0.1921060193888042
    },
    "(2, 3, 0, 3)": {
      "0": 0.31066783153719707,
      "1": 0.0,
      "2": 0.0,
      "3": 0.0,
      "4": 0.0
    },
    "(1, 4, 0, 3)": {
      "0": 0.0,
      "1": 0.47850775234528586,
      "2": 0.0,
      "3": 0.0,
      "4": 0.0
    },
    "(4, 4, 0, 3)": {
      "0": 0.30612559745097817,
      "1": 0.0,
      "2": 0.0,
      "3": 0.0,
      "4": 0.0
    }
  },
  "stats": {
    "q_table_states": 20,
    "current_connections": 16,
    "exploration_rate": 0.1151,
    "total_decisions": 55,
    "total_updates": 54,
    "average_reward": 0.4714,
    "total_reward": 25.4566,
    "positive_rewards": 47,
    "negative_rewards": 7,
    "throughput_improvements": 26,
    "monitoring_interval": 5.0
  }
}