{
  "schema_version": "1.0",
  "saved_at": 1773251356.4632337,
  "saved_at_human": "2026-03-11 17:49:16 UTC",
  "q_table": {
    "(2, 0, 0, 0)": {
      "0": 0.0,
      "1": 0.0,
      "2": 0.0,
      "3": 0.0,
      "4": 0.0
    },
    "(2, 2, 0, 2)": {
      "0": 0.41124687563799367,
      "1": 0.0,
      "2": 0.0,
      "3": 0.0,
      "4": 0.0
    },
    "(1, 4, 0, 4)": {
      "0": 4.86137406677961,
      "1": 0.37446461593100283,
      "2": 2.6813578308954327,
      "3": 0.18041502592022682,
      "4": 0.40873346559709955
    },
    "(0, 4, 0, 4)": {
      "0": 1.59198111987393,
      "1": 0.0,
      "2": 0.0,
      "3": 0.3058215914084278,
      "4": 0.0
    },
    "(3, 4, 0, 4)": {
      "0": 0.0,
      "1": 0.0,
      "2": 0.25783170287874335,
      "3": 0.0,
      "4": 3.8911586152256437
    },
    "(4, 4, 0, 2)": {
      "0": 0.0,
      "1": 0.0,
      "2": 0.4190073592573735,
      "3": 0.0,
      "4": 0.0
    },
    "(3, 4, 0, 2)": {
      "0": 1.044687434219087,
      "1": 0.0,
      "2": 0.0,
      "3": 0.0,
      "4": 0.0
    },
    "(4, 4, 0, 4)": {
      "0": 0.0,
      "1": 0.0,
      "2": 0.0,
      "3": 0.43275844609221875,
      "4": 0.0
    },
    "(4, 3, 0, 2)": {
      "0": 0.0,
      "1": 0.0,
      "2": 0.0,
      "3": 0.0,
      "4": 0.444190644827363
    },
    "(3, 3, 0, 0)": {
      "0": 0.03876191649117256,
      "1": 0.0,
      "2": 0.0,
      "3": 0.0,
      "4": 0.0
    },
    "(1, 3, 0, 2)": {
      "0": 0.9315769783982283,
      "1": 0.0,
      "2": 0.0,
      "3": 0.0,
      "4": 0.0
    },
    "(4, 3, 0, 4)": {
      "0": 2.8264232191120215,
      "1": 0.18003652051234892,
      "2": 0.6136559038436685,
      "3": 0.0,
      "4": 0.0
    },
    "(3, 3, 0, 4)": {
      "0": 0.22823016558116804,
      "1": 1.4576457165934686,
      "2": 3.3579843760645787,
      "3": 0.7650972355521191,
      "4": 0.0
    },
    "(2, 3, 0, 4)": {
      "0": 1.6693076564819704,
      "1": 3.2126696744025165,
      "2": 0.0,
      "3": 0.16560888149788544,
      "4": 0.40265058785201446
    },
    "(3, 3, 0, 2)": {
      "0": 0.19777378608328344,
      "1": 0.0,
      "2": 0.0,
      "3": 0.0,
      "4": 0.0
    },
    "(3, 2, 0, 4)": {
      "0": 0.0,
      "1": 0.9005742632909307,
      "2": 0.0,
      "3": 0.0,
      "4": 0.025669281143574148
    },
    "(1, 2, 0, 2)": {
      "0": 0.0,
      "1": 0.0,
      "2": 0.0,
      "3": 0.34530076208272936,
      "4": 0.0
    },
    "(2, 2, 0, 4)": {
      "0": 4.92461041793765,
      "1": 0.18658489990021906,
      "2": 0.2849815910342858,
      "3": 0.0,
      "4": 0.0
    },
    "(1, 2, 0, 4)": {
      "0": 1.0282748584962955,
      "1": 0.33206651454561287,
      "2": 0.0,
      "3": 0.0,
      "4": 0.0
    },
    "(0, 2, 0, 4)": {
      "0": 0.0,
      "1": 0.0,
      "2": 0.8546552069980831,
      "3": 0.17367856587132743,
      "4": 0.0
    },
    "(4, 2, 0, 4)": {
      "0": 0.17786398715540877,
      "1": 0.0,
      "2": 0.0,
      "3": 0.0,
      "4": 0.0
    },
    "(0, 3, 0, 4)": {
      "0": 0.8913793533632,
      "1": 0.0,
      "2": 0.0,
      "3": 0.0,
      "4": 0.0
    },
    "(2, 4, 0, 4)": {
      "0": 5.386832955339518,
      "1": 0.20014008012800585,
      "2": 1.4535909859372547,
      "3": 0.0,
      "4": 1.2291834409326718
    },
    "(1, 3, 0, 4)": {
      "0": 2.7695037554878597,
      "1": 0.0,
      "2": 0.0,
      "3": 0.0,
      "4": 0.0
    },
    "(1, 4, 0, 2)": {
      "0": 1.6408795652760262,
      "1": 0.0,
      "2": 0.0,
      "3": 0.0,
      "4": 0.0
    },
    "(2, 4, 0, 2)": {
      "0": 0.7964410979795873,
      "1": 0.0,
      "2": 0.0,
      "3": 0.0,
      "4": 0.0
    },
    "(2, 4, 0, 1)": {
      "0": 4.786910421475202,
      "1": 0.0,
      "2": 0.0,
      "3": 0.0,
      "4": 0.41361627904215115
    },
    "(1, 4, 0, 1)": {
      "0": 2.415337333879628,
      "1": 0.0,
      "2": 0.0,
      "3": 0.0,
      "4": 0.5532396750722185
    },
    "(2, 4, 0, 0)": {
      "0": 0.0,
      "1": 0.0,
      "2": 0.0,
      "3": 0.6383503528433585,
      "4": 0.0
    },
    "(2, 3, 0, 0)": {
      "0": 0.43580386407976995,
      "1": 0.0,
      "2": 0.0,
      "3": 0.0,
      "4": 0.0
    },
    "(3, 1, 0, 3)": {
      "0": 0.7664632611902251,
      "1": 0.0,
      "2": 0.0,
      "3": 0.0,
      "4": 0.0
    },
    "(2, 2, 0, 0)": {
      "0": 0.4062803912217436,
      "1": 0.0,
      "2": 0.0,
      "3": 0.0,
      "4": 0.0
    },
    "(2, 2, 0, 3)": {
      "0": 2.063651971512121,
      "1": 0.0,
      "2": 0.0,
      "3": 0.0,
      "4": 0.0
    }
  },
  "stats": {
    "q_table_states": 33,
    "current_connections": 8,
    "exploration_rate": 0.05,
    "total_decisions": 409,
    "total_updates": 403,
    "average_reward": 0.5694,
    "total_reward": 229.4774,
    "positive_rewards": 373,
    "negative_rewards": 30,
    "throughput_improvements": 196,
    "monitoring_interval": 2.0
  }
}