{
  "schema_version": "1.0",
  "saved_at": 1772648229.3335147,
  "saved_at_human": "2026-03-04 18:17:09 UTC",
  "q_table": {
    "(2, 2, 0, 0)": {
      "0": 0.0,
      "1": 0.0,
      "2": 0.0,
      "3": 0.2744855230213987,
      "4": 0.0
    },
    "(3, 4, 0, 0)": {
      "0": 0.5413161754123137,
      "1": 0.0,
      "2": 0.0,
      "3": 0.0,
      "4": 0.0
    },
    "(4, 4, 0, 0)": {
      "0": 0.0,
      "1": 0.4074333594318336,
      "2": 0.0,
      "3": 0.0,
      "4": 0.0
    },
    "(4, 4, 0, 1)": {
      "0": 0.18027214369538871,
      "1": 0.5218815749212488,
      "2": 0.0,
      "3": 0.0,
      "4": 0.22735625429562165
    },
    "(3, 4, 0, 1)": {
      "0": 0.0,
      "1": 0.0,
      "2": 0.0,
      "3": 0.0,
      "4": 0.2806802719243365
    },
    "(3, 3, 0, 0)": {
      "0": 0.3053161383211455,
      "1": 0.0,
      "2": 0.0,
      "3": 0.0,
      "4": 0.0
    },
    "(4, 4, 0, 2)": {
      "0": 0.19475095999222858,
      "1": 0.0,
      "2": 0.10120621087548484,
      "3": 0.23626248660741733,
      "4": 0.0
    },
    "(4, 4, 0, 3)": {
      "0": 0.430116623281422,
      "1": 0.0,
      "2": 0.1830986911947655,
      "3": 0.062035274250301295,
      "4": 0.072268234622686
    },
    "(2, 4, 0, 3)": {
      "0": 0.0,
      "1": 0.0,
      "2": 0.24488142719826575,
      "3": 0.0,
      "4": 0.18562854262327166
    },
    "(3, 4, 0, 2)": {
      "0": 0.2048559896697295,
      "1": 0.0,
      "2": 0.18068680240778762,
      "3": 0.0747652683091987,
      "4": 0.0
    },
    "(4, 4, 0, 4)": {
      "0": 0.1010814721946512,
      "1": 0.22518906627346896,
      "2": 0.4565445414264399,
      "3": 0.0,
      "4": 0.5472377621240787
    },
    "(0, 4, 0, 4)": {
      "0": 0.0,
      "1": 0.0,
      "2": 0.0,
      "3": 0.0,
      "4": 0.0
    },
    "(2, 2, 0, 4)": {
      "0": 0.0,
      "1": 0.0,
      "2": 0.007724329309457614,
      "3": 0.007240726750639087,
      "4": 0.0
    },
    "(3, 4, 0, 4)": {
      "0": -0.05540812111280946,
      "1": 0.468610717876374,
      "2": 1.1774609869741184,
      "3": 0.16158492640673544,
      "4": 0.15439752084414504
    },
    "(2, 4, 0, 4)": {
      "0": 0.28411555197278254,
      "1": 0.37302637937587996,
      "2": 0.5607502268466537,
      "3": 0.42011307668031594,
      "4": 0.0
    },
    "(0, 0, 0, 4)": {
      "0": 0.0,
      "1": 0.0,
      "2": 0.0,
      "3": 0.0,
      "4": 0.0
    },
    "(1, 4, 0, 3)": {
      "0": 0.0,
      "1": 0.21960450392937653,
      "2": 0.0,
      "3": 0.0,
      "4": 0.0
    },
    "(2, 4, 0, 2)": {
      "0": 0.0,
      "1": 0.35446633459152715,
      "2": 0.0,
      "3": 0.0,
      "4": 0.0
    },
    "(3, 3, 0, 2)": {
      "0": 0.0,
      "1": 0.0,
      "2": 0.0,
      "3": 0.0,
      "4": 0.0
    }
  },
  "stats": {
    "q_table_states": 19,
    "current_connections": 22,
    "exploration_rate": 0.3416,
    "total_decisions": 79,
    "total_updates": 75,
    "average_reward": 0.5802,
    "total_reward": 43.5184,
    "positive_rewards": 70,
    "negative_rewards": 5,
    "throughput_improvements": 39,
    "monitoring_interval": 5.0
  }
}