{
  "schema_version": "1.0",
  "saved_at": 1772279260.3875856,
  "saved_at_human": "2026-02-28 11:47:40 UTC",
  "q_table": {
    "(4, 1, 0, 0)": {
      "0": 0.0,
      "1": 0.3469578776000001,
      "2": 0.0,
      "3": 0.19,
      "4": 0.0
    },
    "(4, 0, 0, 0)": {
      "0": 0.0,
      "1": 0.0,
      "2": 0.0,
      "3": 0.31568472000000003,
      "4": 0.0
    },
    "(4, 3, 1, 0)": {
      "0": 0.0,
      "1": 0.0,
      "2": 0.0,
      "3": -0.1,
      "4": 0.0
    },
    "(4, 2, 2, 0)": {
      "0": 0.0,
      "1": 0.0,
      "2": 0.0,
      "3": 0.0,
      "4": 0.10800000000000001
    },
    "(4, 3, 2, 0)": {
      "0": 0.0,
      "1": -0.010000000000000009,
      "2": -0.1,
      "3": -0.1,
      "4": 0.0
    },
    "(4, 3, 3, 0)": {
      "0": 0.0,
      "1": 0.0,
      "2": 0.0,
      "3": 0.1,
      "4": 0.0
    },
    "(4, 1, 2, 0)": {
      "0": 0.0,
      "1": -0.1,
      "2": 0.0,
      "3": 0.0,
      "4": 0.0
    },
    "(0, 1, 2, 0)": {
      "0": 0.0,
      "1": 0.0,
      "2": 0.0,
      "3": 0.0,
      "4": 0.0
    },
    "(4, 0, 2, 0)": {
      "0": -0.092,
      "1": 0.0,
      "2": 0.0,
      "3": 0.0,
      "4": 0.35038
    },
    "(4, 0, 1, 0)": {
      "0": -0.1,
      "1": 0.0,
      "2": 0.0,
      "3": -0.1,
      "4": 0.0
    },
    "(4, 0, 3, 0)": {
      "0": 0.0,
      "1": 0.0,
      "2": 0.0,
      "3": -0.07774400000000001,
      "4": 0.0
    },
    "(3, 0, 2, 0)": {
      "0": -0.1,
      "1": 0.0,
      "2": 0.0,
      "3": 0.19,
      "4": 0.0
    },
    "(3, 2, 2, 0)": {
      "0": 0.0,
      "1": 0.0,
      "2": 0.0,
      "3": 0.0,
      "4": -0.0848
    }
  },
  "stats": {
    "q_table_states": 13,
    "current_connections": 9,
    "exploration_rate": 0.2455,
    "total_decisions": 40,
    "total_updates": 32,
    "average_reward": 0.25,
    "total_reward": 8.0,
    "positive_rewards": 20,
    "negative_rewards": 12,
    "neutral_rewards": 0,
    "throughput_improvements": 15,
    "utility_k": 1.0,
    "utility_b": 8.0,
    "reward_positive": 1.0,
    "reward_negative": 1.0,
    "reward_epsilon": 0.05,
    "monitoring_interval": 5.0
  }
}